{"cameraMode":{"drawMode":0,"name":"Shaded","section":"Shading Mode"},"sceneLighting":true,"audioPlay":false,"sceneViewState":{"showFog":true,"showMaterialUpdate":false,"showSkybox":true,"showFlares":true,"showImageEffects":true,"showParticleSystems":true},"in2DMode":false,"pivot":{"x":-4.390526294708252,"y":0.4446175694465637,"z":10.0},"rotation":{"x":0.0006904276087880135,"y":-0.9953696727752686,"z":0.09585017710924149,"w":0.00717049278318882},"size":10.234134674072266,"orthographic":false}